{
  "boundary_inconsistency": 0.4460741197583492,
  "eye_blink_irregularity": 0.06999999999999999
}