{
  "boundary_inconsistency": 0.16314209368770477,
  "eye_blink_irregularity": 0.1174451775662601
}