{
  "boundary_inconsistency": 0.35020602760105557,
  "eye_blink_irregularity": 0.06999999999999999
}