{
  "boundary_inconsistency": 0.2535310875543184,
  "eye_blink_irregularity": 0.06999999999999999
}