{
  "boundary_inconsistency": 0.29490755033914906,
  "eye_blink_irregularity": 0.06999999999999999
}