{
  "boundary_inconsistency": 0.3648948327986736,
  "eye_blink_irregularity": 0.06999999999999999
}