{
  "boundary_inconsistency": 0.33390709872944035,
  "eye_blink_irregularity": 0.1174451775662601
}