{
  "boundary_inconsistency": 0.3781870683079485,
  "eye_blink_irregularity": 0.06999999999999999
}