{
  "boundary_inconsistency": 0.2131661483826021,
  "eye_blink_irregularity": 0.15580044135451318
}