{
  "boundary_inconsistency": 0.3162278311226957,
  "eye_blink_irregularity": 0.06999999999999999
}