{
  "boundary_inconsistency": 0.19620470046997068,
  "eye_blink_irregularity": 0.1174451775662601
}