{
  "boundary_inconsistency": 0.3580858898127973,
  "eye_blink_irregularity": 0.09557017691433431
}