{
  "boundary_inconsistency": 0.10834083375073761,
  "eye_blink_irregularity": 0.06999999999999999
}