{
  "boundary_inconsistency": 0.32252647639526627,
  "eye_blink_irregularity": 0.06999999999999999
}