{
  "boundary_inconsistency": 0.7073738173038266,
  "eye_blink_irregularity": 0.06999999999999999
}