{
  "boundary_inconsistency": 0.46892424458950466,
  "eye_blink_irregularity": 0.06999999999999999
}