{
  "boundary_inconsistency": 0.4284367074982124,
  "eye_blink_irregularity": 0.7258333298563957
}