{
  "boundary_inconsistency": 0.3792967333640375,
  "eye_blink_irregularity": 0.13752192806452512
}