{
  "boundary_inconsistency": 0.367553409136785,
  "eye_blink_irregularity": 0.06999999999999999
}