{
  "boundary_inconsistency": 0.3070085518757821,
  "eye_blink_irregularity": 0.04000000000000001
}